"category","path","file_sha256","referenced_csv","referenced_csv_sha256","run_id","code_sha256","last_write"
"csv","C:\Users\loweb\AI_Financial_Sims\HO\HO 1st time 5080\hoxnc_training.csv","04CC097BD744E1262AD885596C79C34D167F0A8E04B4D2DDA919EDB149709186","","","","","25/09/2025 8:45:59 AM"
"csv","C:\Users\loweb\AI_Financial_Sims\HO\HO 1st time 5080\hoxnc_validation.csv","39389B5D46FDE2F372171501B61D3300F0C9913CFE0A2C783B792566BB1B07B9","","","","","23/10/2025 12:37:11 PM"
"csv","C:\Users\loweb\AI_Financial_Sims\HO\HO 1st time 5080\hoxnc_testing.csv","D7E75485054836422F7F4311DEF959CCD01BCDABA614326F16E3AC2BE89C216A","","","","","23/10/2025 12:39:50 PM"
"csv","C:\Users\loweb\AI_Financial_Sims\HO\HO 1st time 5080\ho2bann_log.csv","3C4F802B7FEDA56B505D684E1A1EAA12027F9BC7E4C161B0C279B9857130099E","","","","","24/10/2025 6:21:32 AM"
"csv","C:\Users\loweb\AI_Financial_Sims\HO\HO 1st time 5080\ho2bann_gru_log.csv","379BC53E99D120ACD77C527D9A062C44623A158F398B398EFC20BD98291F282D","","","","","24/10/2025 6:24:54 AM"
"csv","C:\Users\loweb\AI_Financial_Sims\HO\HO 1st time 5080\RunA_pretrain_ON_ctx128_mae_log.csv","70C9970DF2962519AFC29D06CF2690E2BF9ACF892DAE7F47C44C2949618F58B8","","","","","24/10/2025 7:28:57 AM"
"csv","C:\Users\loweb\AI_Financial_Sims\HO\HO 1st time 5080\RunA_pretrain_ON_ctx128_forecaster_log.csv","D5C4ECDEB0A1B017DFD1B37BFACC20F689C4BC07BE3F3C49B92F28ACF049BCAF","","","","","24/10/2025 7:30:26 AM"
"csv","C:\Users\loweb\AI_Financial_Sims\HO\HO 1st time 5080\RunPatch_auxMAE_clipSigma_ctx128_mae_log.csv","70C9970DF2962519AFC29D06CF2690E2BF9ACF892DAE7F47C44C2949618F58B8","","","","","24/10/2025 7:39:17 AM"
"csv","C:\Users\loweb\AI_Financial_Sims\HO\HO 1st time 5080\RunPatch_auxMAE_clipSigma_ctx128_forecaster_log.csv","327D423132BB1B0F0B0352CB7C01A17C0E22BD3ABAB7C24375922D94B91530EA","","","","","24/10/2025 7:40:36 AM"
"csv","C:\Users\loweb\AI_Financial_Sims\HO\HO 1st time 5080\RunFix_non_destructive_ctx128_mae_log.csv","70C9970DF2962519AFC29D06CF2690E2BF9ACF892DAE7F47C44C2949618F58B8","","","","","24/10/2025 8:01:16 AM"
"csv","C:\Users\loweb\AI_Financial_Sims\HO\HO 1st time 5080\RunFix_non_destructive_ctx128_forecaster_log.csv","4444C6A67D8E3DBF40CEF2E104B2494C7AD542DAFCE714C462D83AB5C6C32DCC","","","","","24/10/2025 8:02:30 AM"
"csv","C:\Users\loweb\AI_Financial_Sims\HO\HO 1st time 5080\ho_poc_outputs\metrics.csv","CA7B78B1D42CFC0FC941CB0DA22356A5DEE1C52DD830B65C59E1B30BB2FF71C5","","","","","26/10/2025 12:51:35 PM"
"csv","C:\Users\loweb\AI_Financial_Sims\HO\HO 1st time 5080\ho_poc_outputs\val_outputs.csv","B2DEA6CB7F8E040816AFA0B531B8E2AC9C0A342D2512AD4617914C613DC46DA0","","","","","26/10/2025 12:51:35 PM"
"csv","C:\Users\loweb\AI_Financial_Sims\HO\HO 1st time 5080\ho_poc_outputs\gatetuner_metrics.csv","6DD8031A06FA76BD9BC19CD7A6372DEA354F6FF6222AA2253681913E705457CC","","","","","26/10/2025 1:09:11 PM"
"csv","C:\Users\loweb\AI_Financial_Sims\HO\HO 1st time 5080\default_pretrain_log.csv","54CA79B1306070066A497BFD12EDC29CB5407744E4D0A77E655DFD10094BBC6E","","","","","27/10/2025 1:36:28 AM"
"csv","C:\Users\loweb\AI_Financial_Sims\HO\HO 1st time 5080\default_finetune_log.csv","ADA9FBA79E6BE5DDC962716B2129AC3E96D4C6578F71BC5C926BC376F9E1607B","","","","","27/10/2025 1:49:13 AM"
"csv","C:\Users\loweb\AI_Financial_Sims\HO\HO 1st time 5080\fishhead_run_manifest.csv","01FA5158861116573205EE4D36EC04B78B9A8FC19A5DCE0C9164B994467A8FBA","","","","","27/10/2025 2:48:55 AM"
"csv","C:\Users\loweb\AI_Financial_Sims\HO\HO 1st time 5080\hoxnc_full.csv","","","","","","27/10/2025 5:48:16 AM"
"csv","C:\Users\loweb\AI_Financial_Sims\HO\HO 1st time 5080\ho_sig_out\summary.csv","E0C682A4485FB16681D6B59E4EFD6AE4823FD68DBF09E2BF7E2B02621F667FA4","","","","","27/10/2025 5:49:06 AM"
"csv","C:\Users\loweb\AI_Financial_Sims\HO\HO 1st time 5080\ho_sig_out\trial_metrics_bootstrap.csv","CA7DE94870CEC3167F961788507C429B896492882777885D2A25BD360E3C58A3","","","","","27/10/2025 6:39:29 AM"
"csv","C:\Users\loweb\AI_Financial_Sims\HO\HO 1st time 5080\pure_metrics_val.csv","9C694462942074043E543E577EF3A88676BAA77C324CDA73CCD4800A89A38099","","","","","29/10/2025 4:52:57 AM"
"csv","C:\Users\loweb\AI_Financial_Sims\HO\HO 1st time 5080\fishhead_ho_audit_outputs_v5_2\fishhead_metrics_v5_2_20251029_163938.csv","EE95DE975DCC5932C80671B1BE696B9F2F21153295DAA3F987C481FCB2C3F06D","","","","","29/10/2025 5:39:38 AM"
"csv","C:\Users\loweb\AI_Financial_Sims\HO\HO 1st time 5080\fishhead_ho_audit_outputs_v5_3\fishhead_metrics_v5_3_20251029_171130.csv","45357B8A02A6F7A7C58900F21CCECA8AED7CB6033A93F1E4E91F8EF0C24C4AE2","","","","","29/10/2025 6:11:30 AM"
"csv","C:\Users\loweb\AI_Financial_Sims\HO\HO 1st time 5080\fishhead_synth_audit_outputs_v1_0\fishhead_synth_metrics_v1_0_20251029_174320.csv","DCC37E47F0B9968E661C0194CC6019CFCD03B70864D6590BAAA02A2D7C57AC1B","","","","","29/10/2025 6:43:20 AM"
"csv","C:\Users\loweb\AI_Financial_Sims\HO\HO 1st time 5080\hybrid_fisheye_audit_outputs_v1_1\HybridAudit_v1_1_pretrain_ON_ctx128_mae_log.csv","5CA21EBBCB11A2D02071A69318BEF519DE797D15D90BD77CBF19EE023A746036","","","","","29/10/2025 7:08:38 AM"
"csv","C:\Users\loweb\AI_Financial_Sims\HO\HO 1st time 5080\hybrid_fisheye_audit_outputs_v1_1\HybridAudit_v1_1_pretrain_ON_ctx128_forecaster_log.csv","2FE6814EAAC3BAFE5FC1319F38F5E0847FDF018809D8552098238EB272268FC0","","","","","29/10/2025 7:13:38 AM"
"csv","C:\Users\loweb\AI_Financial_Sims\HO\HO 1st time 5080\hybrid_fisheye_audit_outputs_v1_1\hybrid_fisheye_metrics_v1_1_20251029_181339.csv","C63240C111BE61D5AE330C7697F6BE7CC6E5B9FC6791D605509992C09116021D","","","","","29/10/2025 7:13:39 AM"
"csv","C:\Users\loweb\AI_Financial_Sims\HO\HO 1st time 5080\runlogs\preds_variant2_seed20251032_20251030_205652.csv","A8870196018F7EC548BD94FC22F24E6E3DE488D3A000124F854D9263A108116D","","","","","30/10/2025 9:56:52 AM"
"csv","C:\Users\loweb\AI_Financial_Sims\HO\HO 1st time 5080\runlogs\preds_variant0_seed20251030_20251030_205654.csv","F291EFDB0ABE419390EBE7A8CB31F9F818DEFB44C82C2D96557096D13ADBBB4E","","","","","30/10/2025 9:56:54 AM"
"csv","C:\Users\loweb\AI_Financial_Sims\HO\HO 1st time 5080\runlogs\preds_variant4_seed20251034_20251030_205658.csv","4BB2951160CC05CB1574A05A6EE189FD6775466D3E2F90DAB9C94C8F1BD0CECD","","","","","30/10/2025 9:56:58 AM"
"csv","C:\Users\loweb\AI_Financial_Sims\HO\HO 1st time 5080\runlogs\preds_variant1_seed20251031_20251030_205659.csv","0FD2C2CC115089B99FE9292C7622A1ED5A77AF0A6806B9B9B5E43B39D85091BF","","","","","30/10/2025 9:56:59 AM"
"csv","C:\Users\loweb\AI_Financial_Sims\HO\HO 1st time 5080\runlogs\preds_variant3_seed20251033_20251030_205707.csv","52D2FACE1FC21FC69AB20C759897F67783D1627F10F69550DCBC37276F1BD138","","","","","30/10/2025 9:57:07 AM"
"csv","C:\Users\loweb\AI_Financial_Sims\HO\HO 1st time 5080\audit_ledger.csv","FCC4B875ED83092FB63997667E4A1A2824984376B2C4C57C8F17864B5BEC124A","","","","","30/10/2025 9:57:15 AM"
"manifest","C:\Users\loweb\AI_Financial_Sims\HO\HO 1st time 5080\hybrid_fisheye_audit_outputs_v1_1\hybrid_fisheye_runlog_v1_1_20251029_181339.json","0643CD4DC1A364FE8E2A8F0A729E7F533953DB3A1846CFF2F61AF9BF2F3FDD3A",,,,,
"manifest","C:\Users\loweb\AI_Financial_Sims\HO\HO 1st time 5080\RUNLOG_2bANN2_HO_20251023_232132.json","A5DC8AE453A89407D5976B7455E34564A7474529F2A6F07B9FBD1C3EC57AA725",,,,,
"manifest","C:\Users\loweb\AI_Financial_Sims\HO\HO 1st time 5080\fishhead_ho_audit_outputs_v5_2\fishhead_runlog_v5_2_20251029_163938.json","E186AB55EDE18094D9868918A69CD34893848BB2E6EE3EE1BD26FB2739A5C870","C:\Users\loweb\AI_Financial_Sims\HO\HO 1st time 5080\hoxnc_full.csv",,,,
"manifest","C:\Users\loweb\AI_Financial_Sims\HO\HO 1st time 5080\RUNLOG_2bANN2_HO_20251023_225829.json","DFC0BFDD2935EFA7BE7E8ED2E07844101F8D40F03D084169617BC8854F2B9550",,,,,
"manifest","C:\Users\loweb\AI_Financial_Sims\HO\HO 1st time 5080\RUNLOG_2bANN2_HO_v5.1_heavy_20251029_155233.json","7495A3AA5CE5FC896AE60B1F8D529076683C4BCC923CE502ECE8835C02DDC7BC",,,,,
"manifest","C:\Users\loweb\AI_Financial_Sims\HO\HO 1st time 5080\RUNLOG_2bANN2_HO_v5.1_heavy_20251029_152459.json","45FA98A65D680191630173F1AEE9F7A84EE5223217A8D9F391C2F82026E52615",,,,,
"manifest","C:\Users\loweb\AI_Financial_Sims\HO\HO 1st time 5080\RUNLOG_2bANN2_HO_v5.1_heavy_20251029_150810.json","089074D87A39B36C4A7DA5821153A135EE2CE344E11E3A89AECE44A67B1B17C4",,,,,
"manifest","C:\Users\loweb\AI_Financial_Sims\HO\HO 1st time 5080\RUNLOG_2bANN2_HO_v5.1_heavy_20251029_150254.json","D340F7500491C8D2242E8256802D5E726CB3D3BF521CCE821CC2B4523ED82EE9",,,,,
"manifest","C:\Users\loweb\AI_Financial_Sims\HO\HO 1st time 5080\RUNLOG_2bANN2_HO_v5.1_heavy_20251029_145242.json","746FC790ACA1E028677561113C3564D605FA2DD9BCB802B2EBC91FAF18FD61BC",,,,,
"manifest","C:\Users\loweb\AI_Financial_Sims\HO\HO 1st time 5080\runlog_checks_20251029_141234.json","04C0A013F352FE85F6FAC851628E2D3E26A9149FDC0C93C288B9CC00A09610B4",,,,,
"manifest","C:\Users\loweb\AI_Financial_Sims\HO\HO 1st time 5080\RUNLOG_2bANN2_HO_v5.1_heavy_20251029_141048.json","BBB6729B76EF8DE49FB86DED1D4E77560EE51F17CCF0DB8C6F8F034E36C3E8F5",,,,,
"manifest","C:\Users\loweb\AI_Financial_Sims\HO\HO 1st time 5080\RUNLOG_2bANN2_HO_v5.1_heavy_20251029_141033.json","D922309494EA36B280FD84C8F65BED8559AA3B1584577C73E7F59BA58474C065",,,,,
"manifest","C:\Users\loweb\AI_Financial_Sims\HO\HO 1st time 5080\RUNLOG_2bANN2_HO_v5.1_heavy_20251029_141003.json","B230313296E6A6397B1648CCE2BCF32445C31B1D4F560312671FE820B9F3A73A",,,,,
"manifest","C:\Users\loweb\AI_Financial_Sims\HO\HO 1st time 5080\RUNLOG_2bANN2_HO_v5.1_heavy_20251029_140936.json","49E53B217DC01CF84A2F7FE9A798C22DE11928C08AF6A7266C8C44C36BB77F8A",,,,,
"manifest","C:\Users\loweb\AI_Financial_Sims\HO\HO 1st time 5080\RUNLOG_2bANN2_HO_v5.1_heavy_20251029_140904.json","FCC1A663217065583E5749FC60C71B7BE734B96FADE331FBF529100F1A040BC6",,,,,
"manifest","C:\Users\loweb\AI_Financial_Sims\HO\HO 1st time 5080\RUNLOG_2bANN2_HO_v5.1_heavy_20251029_140455.json","45D239CA3565459466EFA26B4CDA9D10D8F82451B112D020A193A321827512B9",,,,,
"manifest","C:\Users\loweb\AI_Financial_Sims\HO\HO 1st time 5080\RUNLOG_2bANN2_HO_v5.1_heavy_20251029_130659.json","413FF4D2425909FD7F255BF5CF313983C8387B4CE7DB35A219AAF470CD083143",,,,,
"manifest","C:\Users\loweb\AI_Financial_Sims\HO\HO 1st time 5080\RUNLOG_2bANN2_HO_20251028_154848.json","DE414797BC28AF7EB8B8A80CDB614B191F4FF2A67A8C54F305CA909F96D1240D",,,,,
"manifest","C:\Users\loweb\AI_Financial_Sims\HO\HO 1st time 5080\ho_manifest.json","483AF48C11B57D7D2968C4208C50CBDFCF368A81C5ED46806D1947EF7A55685C","C:\Users\loweb\AI_Financial_Sims\HO\HO 1st time 5080\hoxnc_full.csv",,"3439c642-834a-4259-a71a-2777d007bda2","963d1f8e3aac8576d5f2b61d6b56194ed3c054b5925dd1f0a6c8ab7f5d90a0c3",
"manifest","C:\Users\loweb\AI_Financial_Sims\HO\HO 1st time 5080\ho_sig_out\results.json","6DD8705278352A605FD063CA7DB6F0DB1DFED2D00DE6BD5E4022F74FF55F0389","C:\Users\loweb\AI_Financial_Sims\HO\HO 1st time 5080\hoxnc_full.csv",,"3439c642-834a-4259-a71a-2777d007bda2","963d1f8e3aac8576d5f2b61d6b56194ed3c054b5925dd1f0a6c8ab7f5d90a0c3",
"manifest","C:\Users\loweb\AI_Financial_Sims\HO\HO 1st time 5080\fishhead_synthetic_manifest.json","9DE75ECF6EB0F2CDEAD49D8B4E1A8B5BD23E7F4288DE7C47BFA468E05B14B0C3",,,,,
"manifest","C:\Users\loweb\AI_Financial_Sims\HO\HO 1st time 5080\hybrid_fisheye_prob_ann_manifest.json","1C50D92DCDDB87B8FDA1AEA1BC1BD40D201700AB13DBD6DF785A81504D859B98",,,,,
"manifest","C:\Users\loweb\AI_Financial_Sims\HO\HO 1st time 5080\hybrid_fisheye_prob_ann_v1.1_audit_2025-10-25_manifest.json","AF4ACCC8122630F5B60636DA9AA817344B925DACFA46461A55C4DF3F6DFD8DAC",,,,,
"manifest","C:\Users\loweb\AI_Financial_Sims\HO\HO 1st time 5080\hybrid_fisheye_prob_ann_poc_manifest.json","2DD360A1601F011D4EFF99548293B26ECA8F58366DBC11C62EFEFFF52D2CC45F",,,,,
"manifest","C:\Users\loweb\AI_Financial_Sims\HO\HO 1st time 5080\RunFix_non_destructive_ctx128_manifest.json","5CDF79F91B9E3DFD294C911FDC42F626AB32533137039DA7AA052E8B72C14749",,,"1761292952",,
"manifest","C:\Users\loweb\AI_Financial_Sims\HO\HO 1st time 5080\RunPatch_auxMAE_clipSigma_ctx128_manifest.json","6B9CD96FAE1D952375021149686862A856F2B7CE96CFAFB17BCA1B4735635550",,,"1761291638",,
"manifest","C:\Users\loweb\AI_Financial_Sims\HO\HO 1st time 5080\RunA_pretrain_ON_ctx128_manifest.json","D560C9D1B2439D57CDF84B0A59C29D976691440D2A395B2A892E405722325561",,,"1761291027",,
"manifest","C:\Users\loweb\AI_Financial_Sims\HO\HO 1st time 5080\ho2bann_manifest.json","C081942113D26B841671EEC8129872F4600AFC95233C37CE76B01344EBAD1549",,,"1761287094",,
"manifest","C:\Users\loweb\AI_Financial_Sims\HO\HO 1st time 5080\default_manifest.json","EE83DE13361605AC86C87EAF56317D74D314AB54F2837253572C466445FD8D3D",,,"1761282491",,
"manifest","C:\Users\loweb\AI_Financial_Sims\HO\HO 1st time 5080\RUNLOG_2bANN2_HO_v5_heavy_20251024_002343.json","A990A7E6050488F8693C4E48EE2FABE0A3236B44A4F4547FA96F0A3C77B7FD8A",,,,,
"manifest","C:\Users\loweb\AI_Financial_Sims\HO\HO 1st time 5080\RUNLOG_2bANN2_HO_v3_forecast_20251023_235404.json","3A2B10FC10C6755884016C0D14E6728D29B9A03995D0F689F542945DEEF63A46",,,,,
"manifest","C:\Users\loweb\AI_Financial_Sims\HO\HO 1st time 5080\fishhead_ho_audit_outputs_v5_3\fishhead_runlog_v5_3_20251029_171130.json","32D8309A57B166015619210084F0A0DDD963C0212CD53F301CA692CEEACC6C3E","C:\Users\loweb\AI_Financial_Sims\HO\HO 1st time 5080\hoxnc_full.csv",,,,
"manifest","C:\Users\loweb\AI_Financial_Sims\HO\HO 1st time 5080\fishhead_synth_audit_outputs_v1_0\fishhead_synth_runlog_v1_0_20251029_174320.json","65CBF2F047BCF37C26ED67A4B455431EB41CF6F031FA94D2A6858B73B05D2635",,,,,
"model","C:\Users\loweb\AI_Financial_Sims\HO\HO 1st time 5080\2bANN2_HO_model_v3_forecast.keras","BBC2C8C3C23773A624DC02594743B3F7F9A77E9D4B0903B8B6D914917C114F64","","","","","23/10/2025 12:54:04 PM"
"model","C:\Users\loweb\AI_Financial_Sims\HO\HO 1st time 5080\ckpt_v5_best_20251024_001712.keras","5F9C38DD2EF232FF77F4009B55138E9BDB829FC83A3BC218062513891E7F441A","","","","","23/10/2025 1:17:36 PM"
"model","C:\Users\loweb\AI_Financial_Sims\HO\HO 1st time 5080\ckpt_v5_best_20251024_002343.keras","3B723311BDB4D998D26F67BED9A827A4A1C0DA847E1415738083CB4F6D2E7994","","","","","23/10/2025 1:23:49 PM"
"model","C:\Users\loweb\AI_Financial_Sims\HO\HO 1st time 5080\2bANN2_HO_model_v5_heavy_20251024_002343.keras","3E2D2C4EE2D9F58FE0D1449FAF68F4AF5A18E454DEA18E737C1A32FAAB84A118","","","","","23/10/2025 1:23:51 PM"
"model","C:\Users\loweb\AI_Financial_Sims\HO\HO 1st time 5080\ho2bann_best.keras","E0FD0FB8DDE30FCE2E2F10F1DCE4A36CFDDB8083F031F5E1B8AEA4552758E232","","","","","24/10/2025 6:21:31 AM"
"model","C:\Users\loweb\AI_Financial_Sims\HO\HO 1st time 5080\ho2bann_gru_best.keras","832FF319248E16C2219F614E9FF8E2DE278FE9F22666DDAFA40624BB0ED2824E","","","","","24/10/2025 6:24:51 AM"
"model","C:\Users\loweb\AI_Financial_Sims\HO\HO 1st time 5080\RunA_pretrain_ON_ctx128_mae_best.keras","73DB30779767743A76A5C3413A9B237A6EC0CB3E3FB0E91BFC02DC131224BF86","","","","","24/10/2025 7:28:57 AM"
"model","C:\Users\loweb\AI_Financial_Sims\HO\HO 1st time 5080\RunA_pretrain_ON_ctx128_forecaster_best.keras","7FCF0B07E6B02B2FA8E0AB01742DCFC90F9BC5E06E7AE23889BC4A1E9CE775C9","","","","","24/10/2025 7:29:19 AM"
"model","C:\Users\loweb\AI_Financial_Sims\HO\HO 1st time 5080\RunPatch_auxMAE_clipSigma_ctx128_mae_best.keras","CBC08C5F6D16406E63C47F1EE0D9EFB04F56A82D07F84AEEDDD99890F2C90D26","","","","","24/10/2025 7:39:17 AM"
"model","C:\Users\loweb\AI_Financial_Sims\HO\HO 1st time 5080\RunPatch_auxMAE_clipSigma_ctx128_forecaster_best.keras","2975DFA4BD671C62CD4948FC7128AEF897680238BEA9DEC83A71EEDDE1C7986E","","","","","24/10/2025 7:39:30 AM"
"model","C:\Users\loweb\AI_Financial_Sims\HO\HO 1st time 5080\RunFix_non_destructive_ctx128_mae_best.keras","F2817C27041B51FB92B79BBA9FA8BA13FFEA0EF70AAC8B5D1AB25E5C88027AF7","","","","","24/10/2025 8:01:16 AM"
"model","C:\Users\loweb\AI_Financial_Sims\HO\HO 1st time 5080\RunFix_non_destructive_ctx128_forecaster_best.keras","FCE841CF8A2B409B88D4DAF62A6EE1638BB7E7DD6FAA8E1579B91459D115D745","","","","","24/10/2025 8:01:28 AM"
"model","C:\Users\loweb\AI_Financial_Sims\HO\HO 1st time 5080\hybrid_fisheye_prob_ann_mae_best.keras","424A4570FC58C1127A68251F2AA1325EDB2E481924FC8480CA12E41859B57993","","","","","24/10/2025 8:35:06 AM"
"model","C:\Users\loweb\AI_Financial_Sims\HO\HO 1st time 5080\hybrid_fisheye_prob_ann_forecaster_best.keras","8D4F98D0362B6CDADE52B099EEC361D498B6A34FAE5F594BF413F9AB696D8497","","","","","24/10/2025 8:36:24 AM"
"model","C:\Users\loweb\AI_Financial_Sims\HO\HO 1st time 5080\default_pretrain_best.keras","B3C5A5E094C4825EA69092450B13F7CD33590A7B6E206BAF5FC7CC77134A1C40","","","","","27/10/2025 1:36:28 AM"
"model","C:\Users\loweb\AI_Financial_Sims\HO\HO 1st time 5080\default_finetune_best.keras","3BF3C66D2CC4351E7C386B4771BF7F9477407772EB8376D1590B6A5068848FC1","","","","","27/10/2025 1:49:13 AM"
"model","C:\Users\loweb\AI_Financial_Sims\HO\HO 1st time 5080\2bANN2_HO_model.keras","DF1F24C0C3DD69FFBE169D3D0BF13FAEBA9FA1E18F333ADA690AFC36116162A2","","","","","28/10/2025 4:48:48 AM"
"model","C:\Users\loweb\AI_Financial_Sims\HO\HO 1st time 5080\ckpt_v5.1_best_20251029_130659.keras","7344F98BB325E9614FE9770EC00E25AA1279BA10D424BC67275BA3AC2DA87499","","","","","29/10/2025 2:07:26 AM"
"model","C:\Users\loweb\AI_Financial_Sims\HO\HO 1st time 5080\2bANN2_HO_model_v5.1_heavy_20251029_130659.keras","E0D0D1ED5A3B48BD9A977C397C0554D53A4ABE00AA4006C75C6F7AFFFF3F78A2","","","","","29/10/2025 2:07:28 AM"
"model","C:\Users\loweb\AI_Financial_Sims\HO\HO 1st time 5080\ckpt_v5.1_best_20251029_140455.keras","6732A2ABC8CD95CA12EB573447E3FCF2EEEFDE17219458A4FE1010DA7E15BCC1","","","","","29/10/2025 3:05:01 AM"
"model","C:\Users\loweb\AI_Financial_Sims\HO\HO 1st time 5080\2bANN2_HO_model_v5.1_heavy_20251029_140455.keras","C05680FB8F5F33BA0B7078B6F84EABF89F75383E154C1E4C04C9E6E621B272A1","","","","","29/10/2025 3:05:03 AM"
"model","C:\Users\loweb\AI_Financial_Sims\HO\HO 1st time 5080\ckpt_v5.1_best_20251029_140904.keras","09D261625FA7BC0AA3C29A66EAD53A81BBC2EFAF5EDFB8756C0B7B5D0FD3873B","","","","","29/10/2025 3:09:27 AM"
"model","C:\Users\loweb\AI_Financial_Sims\HO\HO 1st time 5080\2bANN2_HO_model_v5.1_heavy_20251029_140904.keras","B742FFA6902A0E1A704E0E0E6BF366D15FC43B843A53FFFFDB77F0420A196364","","","","","29/10/2025 3:09:29 AM"
"model","C:\Users\loweb\AI_Financial_Sims\HO\HO 1st time 5080\ckpt_v5.1_best_20251029_140936.keras","BFBB74B442E1A016B9E9F12794D91087C53DE0F3308C87A2E33DDCCE1971B491","","","","","29/10/2025 3:09:56 AM"
"model","C:\Users\loweb\AI_Financial_Sims\HO\HO 1st time 5080\2bANN2_HO_model_v5.1_heavy_20251029_140936.keras","4F2A616771F3B9A9DE0EC4F3C509DBF10F3A46C995CFB4EEAB3CE843A92EC317","","","","","29/10/2025 3:09:58 AM"
"model","C:\Users\loweb\AI_Financial_Sims\HO\HO 1st time 5080\ckpt_v5.1_best_20251029_141003.keras","72FF583089A2564E694416A83E5FAC7E151442931DD067B0E0BD63E71B21A781","","","","","29/10/2025 3:10:26 AM"
"model","C:\Users\loweb\AI_Financial_Sims\HO\HO 1st time 5080\2bANN2_HO_model_v5.1_heavy_20251029_141003.keras","362D0F621FC5E0DA2004C25731BBEF3EFBFEC74E0188C094A79E65BA4DD90A7B","","","","","29/10/2025 3:10:28 AM"
"model","C:\Users\loweb\AI_Financial_Sims\HO\HO 1st time 5080\ckpt_v5.1_best_20251029_141033.keras","D7814F47EEF10D1F102CC6CC9BB17F4430821A1C9951DC7CF629FF4C7C216153","","","","","29/10/2025 3:10:40 AM"
"model","C:\Users\loweb\AI_Financial_Sims\HO\HO 1st time 5080\2bANN2_HO_model_v5.1_heavy_20251029_141033.keras","4A5A8F322A8CD1542F991ED7F0962332C47443B1E37D7CEB9087A3A5D8EE5DC7","","","","","29/10/2025 3:10:42 AM"
"model","C:\Users\loweb\AI_Financial_Sims\HO\HO 1st time 5080\ckpt_v5.1_best_20251029_141048.keras","1C3B1EAED669E2DB9B15741B185C64705025A7FDC51CD74B940B5E3B99FA877B","","","","","29/10/2025 3:11:08 AM"
"model","C:\Users\loweb\AI_Financial_Sims\HO\HO 1st time 5080\2bANN2_HO_model_v5.1_heavy_20251029_141048.keras","75A5CEE419A4BB2E753451869F7062B8111BCA7505F967E239F7CD29C0473392","","","","","29/10/2025 3:11:10 AM"
"model","C:\Users\loweb\AI_Financial_Sims\HO\HO 1st time 5080\ckpt_v5.1_best_20251029_145242.keras","C24DBF9C3C2206FCA87672CBB27AA3745A0C2024488EA209936AF11C52843029","","","","","29/10/2025 3:53:03 AM"
"model","C:\Users\loweb\AI_Financial_Sims\HO\HO 1st time 5080\2bANN2_HO_model_v5.1_heavy_20251029_145242.keras","3B288A9F8BB4A3E172FEA3B13F62D6D55600A3DBD03138834829C839C8574FE9","","","","","29/10/2025 3:53:05 AM"
"model","C:\Users\loweb\AI_Financial_Sims\HO\HO 1st time 5080\ckpt_v5.1_best_20251029_150254.keras","CAE4F6B62DF3D0495E9092604A710CBA9B1E69F947F5295A92DBE9BA8571DC05","","","","","29/10/2025 4:03:15 AM"
"model","C:\Users\loweb\AI_Financial_Sims\HO\HO 1st time 5080\2bANN2_HO_model_v5.1_heavy_20251029_150254.keras","576EFCCBF5B494F6C63FA534EF88B43E7F0932BD6DDF3A71295F4B094B6F27A8","","","","","29/10/2025 4:03:17 AM"
"model","C:\Users\loweb\AI_Financial_Sims\HO\HO 1st time 5080\ckpt_v5.1_best_20251029_150810.keras","C3BEA4672D256BB8A8F8193B71639CAB011C369AB667A746EE7310E4EB4E728B","","","","","29/10/2025 4:08:16 AM"
"model","C:\Users\loweb\AI_Financial_Sims\HO\HO 1st time 5080\2bANN2_HO_model_v5.1_heavy_20251029_150810.keras","BA15058C15D4FA09F04D5BDC9EDEFFFFBD9974286F5F8F6F503E6F7B7543307B","","","","","29/10/2025 4:08:17 AM"
"model","C:\Users\loweb\AI_Financial_Sims\HO\HO 1st time 5080\ckpt_v5.1_best_20251029_152459.keras","7CD8874ECB23DB826379C61465CE5EC09EBB0778C619DCDAB2469178AA31A89A","","","","","29/10/2025 4:25:06 AM"
"model","C:\Users\loweb\AI_Financial_Sims\HO\HO 1st time 5080\2bANN2_HO_model_v5.1_heavy_20251029_152459.keras","69C45129AB3ECE0774E2A2C1B5534FAC3725C8B0ECE659FD9D81DEFBDD7F8C04","","","","","29/10/2025 4:25:08 AM"
"model","C:\Users\loweb\AI_Financial_Sims\HO\HO 1st time 5080\ckpt_v5.1_best_20251029_155233.keras","550FF47FE1E7B8B38597C995A8D5587155CD938509D2448DFA0F734BB412C7D4","","","","","29/10/2025 4:52:55 AM"
"model","C:\Users\loweb\AI_Financial_Sims\HO\HO 1st time 5080\2bANN2_HO_model_v5.1_heavy_20251029_155233.keras","07352BBD6E22BA52306322C25BB4A91675E60E981FA708E2CFE80DCD879354B6","","","","","29/10/2025 4:52:57 AM"
"model","C:\Users\loweb\AI_Financial_Sims\HO\HO 1st time 5080\hybrid_fisheye_audit_outputs_v1_1\HybridAudit_v1_1_pretrain_ON_ctx128_mae_best.keras","72AB1B5B71BF17D24CBBA2B5D326E27941574286A8784C5D37C3A581E1B75008","","","","","29/10/2025 7:08:38 AM"
"model","C:\Users\loweb\AI_Financial_Sims\HO\HO 1st time 5080\hybrid_fisheye_audit_outputs_v1_1\HybridAudit_v1_1_pretrain_ON_ctx128_forecaster_best.keras","D847158EA41F63C70841E7518E522FA5DD9006136EBD59D414C9769161E36E2C","","","","","29/10/2025 7:12:38 AM"
"model","C:\Users\loweb\AI_Financial_Sims\HO\HO 1st time 5080\hybrid_fisheye_audit_outputs_v1_1\HybridAudit_v1_1_pretrain_ON_ctx128_model_v1_1_20251029_181339.keras","F986F3504008B0E46200F567CC0CDE2F23D2F68E574C77F1BF115912EB94CC91","","","","","29/10/2025 7:13:39 AM"
"model","C:\Users\loweb\AI_Financial_Sims\HO\HO 1st time 5080\models\2bANNa_variant5_seed20251035.keras","0087F3A4BC8DD410B83C81EF015F89597C429693F84F49B981607F4F8FF5668A","","","","","30/10/2025 9:52:33 AM"
"model","C:\Users\loweb\AI_Financial_Sims\HO\HO 1st time 5080\models\2bANNa_variant7_seed20251037.keras","E5B6468CE6CAD960E8FBEF470927F7E1457020B4D5DD98D51760B3191E069D91","","","","","30/10/2025 9:52:37 AM"
"model","C:\Users\loweb\AI_Financial_Sims\HO\HO 1st time 5080\models\2bANNa_variant9_seed20251039.keras","6B9C2949C9D445896BACD447B005A454E72E4D346A8FDE368644D5051208A7B3","","","","","30/10/2025 9:52:39 AM"
"model","C:\Users\loweb\AI_Financial_Sims\HO\HO 1st time 5080\models\2bANNa_variant2_seed20251032.keras","E8EFF47C2D8DB0E9E03D52778FC8DE3FB3292B7F9216E2532701AB0C2375D0D0","","","","","30/10/2025 9:52:39 AM"
"model","C:\Users\loweb\AI_Financial_Sims\HO\HO 1st time 5080\models\2bANNa_variant8_seed20251038.keras","910BC6567DDA47311B10D8DAF3926A6BC09CC7D3AF7B5641A4E2FA7E0AFAB455","","","","","30/10/2025 9:52:40 AM"
"model","C:\Users\loweb\AI_Financial_Sims\HO\HO 1st time 5080\models\2bANNa_variant0_seed20251030.keras","E752D4FEDB209CC0B389EA252217F5DA4FB414859ED3BCA03C102B332DED245E","","","","","30/10/2025 9:52:41 AM"
"model","C:\Users\loweb\AI_Financial_Sims\HO\HO 1st time 5080\models\2bANNa_variant6_seed20251036.keras","6D7BCFF6B95810BB250D46CC9144A40B3A9529417A21AD402C1ABC73E3E6E78F","","","","","30/10/2025 9:52:44 AM"
"model","C:\Users\loweb\AI_Financial_Sims\HO\HO 1st time 5080\models\2bANNa_variant4_seed20251034.keras","125E4FA46D8BBBF571E6D8B8F366D0E76F57ED44B1843CE9B1DA6C2B37D78A9B","","","","","30/10/2025 9:52:45 AM"
"model","C:\Users\loweb\AI_Financial_Sims\HO\HO 1st time 5080\models\2bANNa_variant1_seed20251031.keras","317E6BC61ECE4AC4279398FF939449A7E71690825F27D8258AA93ACBD101E2BC","","","","","30/10/2025 9:52:46 AM"
"model","C:\Users\loweb\AI_Financial_Sims\HO\HO 1st time 5080\models\2bANNa_variant3_seed20251033.keras","908923DF08B638EDF5EA5B085D6606D3B0FF6400664042ED9BFDBB771D1E437E","","","","","30/10/2025 9:52:50 AM"
"model","C:\Users\loweb\AI_Financial_Sims\HO\HO 1st time 5080\models\2bANNa_variant2_seed20251032_20251030_205652.keras","A9DC6B104B29B188B9499009A9841AE2F9765FE248B2944BF41F37EBBBC4C063","","","","","30/10/2025 9:56:52 AM"
"model","C:\Users\loweb\AI_Financial_Sims\HO\HO 1st time 5080\models\2bANNa_variant0_seed20251030_20251030_205654.keras","461C787F590A580DD007D350B2B3589DBC51B5D3BDF9B268C70420B41CB4EFD7","","","","","30/10/2025 9:56:54 AM"
"model","C:\Users\loweb\AI_Financial_Sims\HO\HO 1st time 5080\models\2bANNa_variant4_seed20251034_20251030_205658.keras","2834D6D4E9FD2DF24C695916D831759757C7C752E4C67E94E813FBFFD01A9E77","","","","","30/10/2025 9:56:58 AM"
"model","C:\Users\loweb\AI_Financial_Sims\HO\HO 1st time 5080\models\2bANNa_variant1_seed20251031_20251030_205659.keras","1B1FF889C45D4A432586D54CC56B2885F0E2FE88B185DA1A1328E9BAF73420C4","","","","","30/10/2025 9:56:59 AM"
"model","C:\Users\loweb\AI_Financial_Sims\HO\HO 1st time 5080\models\2bANNa_variant3_seed20251033_20251030_205707.keras","5B6A215F275F70D06E42F8470B290B715AB6FC2E99DE932A6B3EAE474C697438","","","","","30/10/2025 9:57:07 AM"
